<edmx:Edmx
    xmlns:edmx="http://schemas.microsoft.com/ado/2007/06/edmx"
    xmlns:m="http://schemas.microsoft.com/ado/2007/08/dataservices/metadata"
    xmlns:sap="http://www.sap.com/Protocols/SAPData" Version="1.0">
    <edmx:DataServices m:DataServiceVersion="2.0">
        <Schema
            xmlns="http://schemas.microsoft.com/ado/2008/09/edm" Namespace="ZBATCH93_ODATA_SRV" xml:lang="en" sap:schema-version="1">
            <EntityType Name="EMP" sap:content-version="1">
                <Key>
                    <PropertyRef Name="EMPID"/>
                </Key>
                <Property Name="EMPID" Type="Edm.String" Nullable="false" sap:unicode="false" sap:updatable="false"/>
                <Property Name="EMPNAME" Type="Edm.String" sap:unicode="false"/>
                <Property Name="EMPDES" Type="Edm.String" sap:unicode="false"/>
                <Property Name="EMPHIREDATE" Type="Edm.DateTime" Precision="0" sap:unicode="false"/>
                <Property Name="EMPTERMINATED" Type="Edm.String" sap:unicode="false"/>
            </EntityType>
            <EntityContainer Name="ZBATCH93_ODATA_SRV_Entities" m:IsDefaultEntityContainer="true" sap:supported-formats="atom json xlsx">
                <EntitySet Name="EMPSet" EntityType="ZBATCH93_ODATA_SRV.EMP" sap:creatable="false" sap:updatable="false" sap:deletable="false" sap:pageable="false" sap:content-version="1"/>
            </EntityContainer>
            <atom:link
                xmlns:atom="http://www.w3.org/2005/Atom" rel="self" href="./sap/ZBATCH93_ODATA_SRV/$metadata"/>
                <atom:link
                    xmlns:atom="http://www.w3.org/2005/Atom" rel="latest-version" href="./sap/ZBATCH93_ODATA_SRV/$metadata"/>
                </Schema>
            </edmx:DataServices>
        </edmx:Edmx>