{
  "run": [
    {
      "filePath": "/ZSAPUI5_Proj11_EMP99CRUD/webapp/test/flpSandbox.html",
      "previewMode": 1,
      "dataMode": 1,
      "workspace": "withoutWorkspace",
      "urlParameters": [
        {
          "paramName": "",
          "paramValue": "",
          "paramActive": false
        },
        {
          "paramName": "",
          "paramValue": "",
          "paramActive": false
        }
      ],
      "hashParameter": "EMPLOYEECRUDOPERATIONS-display",
      "ui5ActiveVersion": "snapshot",
      "ui5VerSource": null,
      "isDefaultVersion": 1,
      "_metadata": {
        "id": "3669312",
        "runnerId": "webapprunner",
        "displayName": "App in FLP Sandbox",
        "lastRunTimeStamp": 1623040622932
      }
    },
    {
      "filePath": "/ZSAPUI5_Proj11_EMP99CRUD/webapp/test/flpSandboxMockServer.html",
      "previewMode": 1,
      "dataMode": 1,
      "workspace": "withoutWorkspace",
      "urlParameters": [
        {
          "paramName": "",
          "paramValue": "",
          "paramActive": false
        },
        {
          "paramName": "",
          "paramValue": "",
          "paramActive": false
        }
      ],
      "hashParameter": "EMPLOYEECRUDOPERATIONS-display",
      "ui5ActiveVersion": "snapshot",
      "ui5VerSource": null,
      "isDefaultVersion": 1,
      "_metadata": {
        "id": "3352478",
        "runnerId": "webapprunner",
        "displayName": "App in FLP Sandbox (Mock Server)"
      }
    },
    {
      "filePath": "/ZSAPUI5_Proj11_EMP99CRUD/webapp/test/unit/unitTests.qunit.html",
      "previewMode": 1,
      "dataMode": 1,
      "workspace": "withoutWorkspace",
      "ui5ActiveVersion": "snapshot",
      "ui5VerSource": null,
      "isDefaultVersion": 1,
      "urlParameters": [
        {
          "paramName": "",
          "paramValue": "",
          "paramActive": false
        },
        {
          "paramName": "",
          "paramValue": "",
          "paramActive": false
        }
      ],
      "_metadata": {
        "id": "5383455",
        "runnerId": "webapprunner",
        "displayName": "Unit Tests"
      }
    },
    {
      "filePath": "/ZSAPUI5_Proj11_EMP99CRUD/webapp/test/integration/opaTests.qunit.html",
      "previewMode": 1,
      "dataMode": 1,
      "workspace": "withoutWorkspace",
      "ui5ActiveVersion": "snapshot",
      "ui5VerSource": null,
      "isDefaultVersion": 1,
      "urlParameters": [
        {
          "paramName": "",
          "paramValue": "",
          "paramActive": false
        },
        {
          "paramName": "",
          "paramValue": "",
          "paramActive": false
        }
      ],
      "hashParameter": "",
      "_metadata": {
        "id": "2116007",
        "runnerId": "webapprunner",
        "displayName": "OPA Tests"
      }
    },
    {
      "filePath": "/ZSAPUI5_Proj11_EMP99CRUD/webapp/test/testsuite.qunit.html",
      "previewMode": 1,
      "dataMode": 1,
      "workspace": "withoutWorkspace",
      "ui5ActiveVersion": "snapshot",
      "ui5VerSource": null,
      "isDefaultVersion": 1,
      "urlParameters": [
        {
          "paramName": "",
          "paramValue": "",
          "paramActive": false
        },
        {
          "paramName": "",
          "paramValue": "",
          "paramActive": false
        }
      ],
      "hashParameter": "",
      "_metadata": {
        "id": "7954961",
        "runnerId": "webapprunner",
        "displayName": "Test Suite (Unit, OPA)"
      }
    },
    {
      "filePath": "/ZSAPUI5_Proj11_EMP99CRUD/webapp/Component.js",
      "previewMode": 1,
      "dataMode": 1,
      "workspace": "withoutWorkspace",
      "ui5ActiveVersion": "snapshot",
      "ui5VerSource": null,
      "isDefaultVersion": 1,
      "urlParameters": [
        {
          "paramName": "",
          "paramValue": "",
          "paramActive": false
        },
        {
          "paramName": "",
          "paramValue": "",
          "paramActive": false
        }
      ],
      "hashParameter": "",
      "_metadata": {
        "id": "6104575",
        "runnerId": "fiorirunner",
        "displayName": "App as Fiori Component"
      }
    }
  ]
}