<core:FragmentDefinition xmlns="sap.m" xmlns:core="sap.ui.core" xmlns:viz="sap.viz.ui5.controls" xmlns:viz.data="sap.viz.ui5.data"
	xmlns:viz.feeds="sap.viz.ui5.controls.common.feeds">
	<Dialog title="BAR Chart" draggable="true" resizable="true" contentWidth="800px" contentHeight="600px">
		<App>
			<pages>
				<Page>
					<content>
						<viz:VizFrame id="idVizFrame" uiConfig="{applicationSet:'fiori'}" height='100%' width="100%" 
						vizType='bar'>
							<viz:dataset>
								<viz.data:FlattenedDataset data="{bar>/}">
									<viz.data:dimensions>
										<viz.data:DimensionDefinition name="ProductID" value="{bar>ProductID}"/>
									</viz.data:dimensions>
									<viz.data:measures>
										<viz.data:MeasureDefinition name="Price" value="{bar>Price}"/>
										
									</viz.data:measures>
								</viz.data:FlattenedDataset>
							</viz:dataset>
							<viz:feeds>
								<viz.feeds:FeedItem id='valueAxisFeed' uid="valueAxis" type="Measure" values="Price"/>
								<viz.feeds:FeedItem uid="categoryAxis" type="Dimension" values="ProductID"/>
							</viz:feeds>
						</viz:VizFrame>
					</content>
				</Page>
			</pages>
		</App>
		<buttons>
			<Button text="Close" press="_closebar"/>
		</buttons>
	</Dialog>
</core:FragmentDefinition>