<core:FragmentDefinition xmlns="sap.m" xmlns:core="sap.ui.core">
	<Dialog title="Sort" draggable="true" resizable="true">
		<RadioButtonGroup id="sortradiobuttongroupid">
			<RadioButton text="ProductID"/>
			<RadioButton text="Category" />
			<RadioButton text="Price"/>
			<RadioButton text="Name" />
			<RadioButton text="Width"/>
			<RadioButton text="CreatedAt" />
		</RadioButtonGroup>
		<buttons>
			<!--<Button text="Sort A" press="_sortA"/>-->
			<Button text="Sort A" press="_dynamicSortFunctinalityAsc"/>
			
			<Button text="Sort D" press="_dynamicSortFunctinalityDesc"/>
			<Button text="Cancel" press="_sortCancel"/>
		</buttons>
	</Dialog>
</core:FragmentDefinition>