<core:FragmentDefinition xmlns="sap.m" xmlns:core="sap.ui.core" 	xmlns:f="sap.ui.layout.form">
	<Dialog  title="Create Record" draggable="true">
		<content>
			
			<f:SimpleForm id="SimpleFormDisplay354wide">
			<f:content>
				<Label text="EMPID" /><Input id="EMPID" width="auto"/>
				
				<Label text="EMPNAME" /><Input id="EMPNAME" width="auto"/>
				<Label text="EMPDES" />	<Input id="EMPDES" width="auto"/>
				<Label text="EMPHIREDATE" />	<DatePicker id="EMPHIREDATE" width="auto"/>
				<Label text="EMPTERMINATED" />	
					<Select id="EMPTERMINATED"  width="auto" selectedKey="N">
						<core:Item key="N" text="N" />
						<core:Item key="Y" text="Y" />
						
					</Select>
			</f:content>
		</f:SimpleForm>	
			
		</content>
		<beginButton>
			<Button text="Create New Record" press="_createnewrecord" />
			
		</beginButton>
		<endButton>
			<Button text="Close" press="_closecreaterecord" />
		</endButton>
	</Dialog>
</core:FragmentDefinition>