<core:FragmentDefinition xmlns="sap.m" xmlns:core="sap.ui.core" >
   <Dialog title="Filter" draggable="true" resizable="true" xmlns:f="sap.ui.layout.form">
   	
   	<f:SimpleForm id="SimpleFormChange354"
			editable="true"
			layout="ResponsiveGridLayout"
		
			labelSpanXL="3"
			labelSpanL="3"
			labelSpanM="3"
			labelSpanS="12"
			adjustLabelSpan="false"
			emptySpanXL="4"
			emptySpanL="4"
			emptySpanM="4"
			emptySpanS="0"
			columnsXL="1"
			columnsL="1"
			columnsM="1"
			singleContainerFullSize="false" >
			<f:content>
				<Label text="Category" /><Input id="idcategory" />
				<Label text="Price" /><Input id="idprice" />
				
			
			</f:content>
		</f:SimpleForm>
   	
   	
   	<buttons>
   			<Button text="Filter" press="_filterok"/>
   			<Button text="Close" press="_filterclose"/>
   	</buttons>
   	
   	
   </Dialog>
</core:FragmentDefinition>